,SC_GED,SC_GED,SC_GED,SC_GED,SC_SUM,SC_SUM,SC_SUM,SC_SUM,SC_AL,SC_AL,SC_AL,SC_AL,K_KMEANS,K_KMEANS,K_KMEANS,K_KMEANS
,purity,nmi,ri,time,purity,nmi,ri,time,purity,nmi,ri,time,time,purity,nmi,ri
Cora,0.560488346281909,0.1224988824772444,0.5669157725983475,117.2233383655548,0.5227524972253053,0.0091801269126552,0.3960660993957331,0.3659899234771728,0.5260821309655938,0.0180066578694128,0.3958441238130472,0.3819985389709472,0.8215479850769043,0.704772475027747,0.4266065129210654,0.6395289184856332
AUCS,0.8888888888888888,0.8802256085304119,0.9503843466107617,2.317211627960205,0.8333333333333334,0.8569328471032953,0.9245283018867924,0.226999282836914,0.8333333333333334,0.8569328471032953,0.9245283018867924,0.2059996128082275,0.05099964141845703,0.9444444444444444,0.9079447154803413,0.9657582110412299
MIT,0.5777777777777777,0.3131533580872444,0.6534332084893882,6.102213621139526,0.4777777777777778,0.221916899720405,0.5298377028714107,0.258380651473999,0.4777777777777778,0.2197103718768058,0.5288389513108614,0.2470002174377441,0.05050921440124512,0.5888888888888889,0.3020542174536503,0.5710362047440699
