,SC_GED,SC_GED,SC_GED,SC_GED,SC_SUM,SC_SUM,SC_SUM,SC_SUM,SC_AL,SC_AL,SC_AL,SC_AL
,purity,nmi,ri,time,purity,nmi,ri,time,purity,nmi,ri,time
Cora,0.5693673695893452,0.102080225289628,0.4357528671846097,167.36982321739197,0.5227524972253053,0.00918012691265528,0.3960660993957331,0.3639960289001465,0.5260821309655938,0.018006657869412898,0.39584412381304723,0.3779878616333008
AUCS,0.8888888888888888,0.8802256085304119,0.9503843466107617,4.371200323104858,0.8333333333333334,0.8569328471032953,0.9245283018867925,0.1939990520477295,0.8333333333333334,0.8569328471032953,0.9245283018867925,0.20999956130981445
MIT,0.4666666666666667,0.17316670663759767,0.6247191011235955,14.409162998199463,0.4777777777777778,0.22191689972040501,0.5298377028714107,0.23499798774719238,0.4777777777777778,0.2197103718768058,0.5288389513108614,0.21699881553649902
